Workbook

Sheet PRODUCTS
A1: Product ID | B1: Product Name | C1: Category | D1: Opening Stock | E1: Reorder Level | F1: Unit Cost (GHC)
A2: P001 | B2: Bottled Water | C2: Beverages | D2: 500 | E2: 100 | F2: 3.5
A3: P002 | B3: Sachet Water bag | C3: Beverages | D3: 800 | E3: 150 | F3: 5
A4: P003 | B4: Cooking Oil | C4: Groceries | D4: 120 | E4: 30 | F4: 45
A5: P004 | B5: Rice 5kg | C5: Groceries | D5: 90 | E5: 25 | F5: 75
A6: P005 | B6: Sugar 1kg | C6: Groceries | D6: 150 | E6: 40 | F6: 18
A7: P006 | B7: Liquid Soap | C7: Household | D7: 75 | E7: 20 | F7: 22
A8: P007 | B8: Tissue Pack | C8: Household | D8: 200 | E8: 50 | F8: 12
A9: P008 | B9: Bottled Juice | C9: Beverages | D9: 100 | E9: 30 | F9: 8

Sheet STOCK_MOVEMENTS
A1: Date | B1: Reference No. | C1: Product ID | D1: Movement Type | E1: Quantity | F1: Notes
A2: 46296 | B2: GR001 | C2: P001 | D2: Receipt | E2: 200 | F2: Supplier delivery
A3: 46297 | B3: IS001 | C3: P001 | D3: Issue | E3: 120 | F3: Customer orders
A4: 46298 | B4: GR002 | C4: P002 | D4: Receipt | E4: 300 | F4: Supplier delivery
A5: 46299 | B5: IS002 | C5: P002 | D5: Issue | E5: 180 | F5: Daily dispatch
A6: 46300 | B6: RT001 | C6: P001 | D6: Return | E6: 10 | F6: Good stock returned
A7: 46301 | B7: IS003 | C7: P003 | D7: Issue | E7: 25 | F7: Customer orders
A8: 46302 | B8: GR003 | C8: P003 | D8: Receipt | E8: 40 | F8: Supplier delivery
A9: 46303 | B9: IS004 | C9: P004 | D9: Issue | E9: 20 | F9: Customer orders
A10: 46304 | B10: GR004 | C10: P004 | D10: Receipt | E10: 30 | F10: Supplier delivery
A11: 46305 | B11: IS005 | C11: P005 | D11: Issue | E11: 45 | F11: Customer orders
A12: 46306 | B12: GR005 | C12: P005 | D12: Receipt | E12: 60 | F12: Supplier delivery
A13: 46307 | B13: IS006 | C13: P006 | D13: Issue | E13: 15 | F13: Customer orders
... A18: 46312 | B18: GR008 | C18: P008 | D18: Receipt | E18: 40 | F18: Supplier delivery

Sheet STOCK_SUMMARY
A1: Product ID | B1: Product Name | C1: Opening Stock | D1: Stock Received | E1: Stock Issued | F1: Stock Returned | G1: Closing Stock | H1: Reorder Level | I1: Stock Status | J1: Unit Cost (GHS) | K1: Stock Value (GHS)
A2: =PRODUCTS!A2 -> P001 | B2: =PRODUCTS!B2 -> Bottled Water | C2: =PRODUCTS!D2 -> 500 | D2: =SUMIFS(STOCK_MOVEMENTS!$E:$E,STOCK_MOVEMENTS!$C:$C,$A2,STOCK_MOVEMENTS!$D:$D,"Receipt") -> 200 | E2: =SUMIFS(STOCK_MOVEMENTS!$E:$E,STOCK_MOVEMENTS!$C:$C,$A2,STOCK_MOVEMENTS!$D:$D,"Issue") -> 120 | F2: =SUMIFS(STOCK_MOVEMENTS!$E:$E,STOCK_MOVEMENTS!$C:$C,$A2,STOCK_MOVEMENTS!$D:$D,"Return") -> 10 | G2: =C2+D2-E2+F2 -> 590 | H2: =PRODUCTS!E2 -> 100 | I2: =IF(G2<=H2,"REORDER","Sufficient") -> Sufficient | J2: =PRODUCTS!F2 -> 3.5 | K2: =G2*J2 -> 2065
A3: =PRODUCTS!A3 -> P002 | B3: =PRODUCTS!B3 -> Sachet Water bag | C3: =PRODUCTS!D3 -> 800 | D3: =SUMIFS(STOCK_MOVEMENTS!$E:$E,STOCK_MOVEMENTS!$C:$C,$A3,STOCK_MOVEMENTS!$D:$D,"Receipt") -> 300 | E3: =SUMIFS(STOCK_MOVEMENTS!$E:$E,STOCK_MOVEMENTS!$C:$C,$A3,STOCK_MOVEMENTS!$D:$D,"Issue") -> 180 | F3: =SUMIFS(STOCK_MOVEMENTS!$E:$E,STOCK_MOVEMENTS!$C:$C,$A3,STOCK_MOVEMENTS!$D:$D,"Return") -> 0 | G3: =C3+D3-E3+F3 -> 920 | H3: =PRODUCTS!E3 -> 150 | I3: =IF(G3<=H3,"REORDER","Sufficient") -> Sufficient | J3: =PRODUCTS!F3 -> 5 | K3: =G3*J3 -> 4600
A4: =PRODUCTS!A4 -> P003 | B4: =PRODUCTS!B4 -> Cooking Oil | C4: =PRODUCTS!D4 -> 120 | D4: =SUMIFS(STOCK_MOVEMENTS!$E:$E,STOCK_MOVEMENTS!$C:$C,$A4,STOCK_MOVEMENTS!$D:$D,"Receipt") -> 40 | E4: =SUMIFS(STOCK_MOVEMENTS!$E:$E,STOCK_MOVEMENTS!$C:$C,$A4,STOCK_MOVEMENTS!$D:$D,"Issue") -> 25 | F4: =SUMIFS(STOCK_MOVEMENTS!$E:$E,STOCK_MOVEMENTS!$C:$C,$A4,STOCK_MOVEMENTS!$D:$D,"Return") -> 0 | G4: =C4+D4-E4+F4 -> 135 | H4: =PRODUCTS!E4 -> 30 | I4: =IF(G4<=H4,"REORDER","Sufficient") -> Sufficient | J4: =PRODUCTS!F4 -> 45 | K4: =G4*J4 -> 6075
A5: =PRODUCTS!A5 -> P004 | B5: =PRODUCTS!B5 -> Rice 5kg | C5: =PRODUCTS!D5 -> 90 | D5: =SUMIFS(STOCK_MOVEMENTS!$E:$E,STOCK_MOVEMENTS!$C:$C,$A5,STOCK_MOVEMENTS!$D:$D,"Receipt") -> 30 | E5: =SUMIFS(STOCK_MOVEMENTS!$E:$E,STOCK_MOVEMENTS!$C:$C,$A5,STOCK_MOVEMENTS!$D:$D,"Issue") -> 20 | F5: =SUMIFS(STOCK_MOVEMENTS!$E:$E,STOCK_MOVEMENTS!$C:$C,$A5,STOCK_MOVEMENTS!$D:$D,"Return") -> 0 | G5: =C5+D5-E5+F5 -> 100 | H5: =PRODUCTS!E5 -> 25 | I5: =IF(G5<=H5,"REORDER","Sufficient") -> Sufficient | J5: =PRODUCTS!F5 -> 75 | K5: =G5*J5 -> 7500
A6: =PRODUCTS!A6 -> P005 | B6: =PRODUCTS!B6 -> Sugar 1kg | C6: =PRODUCTS!D6 -> 150 | D6: =SUMIFS(STOCK_MOVEMENTS!$E:$E,STOCK_MOVEMENTS!$C:$C,$A6,STOCK_MOVEMENTS!$D:$D,"Receipt") -> 60 | E6: =SUMIFS(STOCK_MOVEMENTS!$E:$E,STOCK_MOVEMENTS!$C:$C,$A6,STOCK_MOVEMENTS!$D:$D,"Issue") -> 45 | F6: =SUMIFS(STOCK_MOVEMENTS!$E:$E,STOCK_MOVEMENTS!$C:$C,$A6,STOCK_MOVEMENTS!$D:$D,"Return") -> 0 | G6: =C6+D6-E6+F6 -> 165 | H6: =PRODUCTS!E6 -> 40 | I6: =IF(G6<=H6,"REORDER","Sufficient") -> Sufficient | J6: =PRODUCTS!F6 -> 18 | K6: =G6*J6 -> 2970
A7: =PRODUCTS!A7 -> P006 | B7: =PRODUCTS!B7 -> Liquid Soap | C7: =PRODUCTS!D7 -> 75 | D7: =SUMIFS(STOCK_MOVEMENTS!$E:$E,STOCK_MOVEMENTS!$C:$C,$A7,STOCK_MOVEMENTS!$D:$D,"Receipt") -> 25 | E7: =SUMIFS(STOCK_MOVEMENTS!$E:$E,STOCK_MOVEMENTS!$C:$C,$A7,STOCK_MOVEMENTS!$D:$D,"Issue") -> 15 | F7: =SUMIFS(STOCK_MOVEMENTS!$E:$E,STOCK_MOVEMENTS!$C:$C,$A7,STOCK_MOVEMENTS!$D:$D,"Return") -> 0 | G7: =C7+D7-E7+F7 -> 85 | H7: =PRODUCTS!E7 -> 20 | I7: =IF(G7<=H7,"REORDER","Sufficient") -> Sufficient | J7: =PRODUCTS!F7 -> 22 | K7: =G7*J7 -> 1870
A8: =PRODUCTS!A8 -> P007 | B8: =PRODUCTS!B8 -> Tissue Pack | C8: =PRODUCTS!D8 -> 200 | D8: =SUMIFS(STOCK_MOVEMENTS!$E:$E,STOCK_MOVEMENTS!$C:$C,$A8,STOCK_MOVEMENTS!$D:$D,"Receipt") -> 50 | E8: =SUMIFS(STOCK_MOVEMENTS!$E:$E,STOCK_MOVEMENTS!$C:$C,$A8,STOCK_MOVEMENTS!$D:$D,"Issue") -> 70 | F8: =SUMIFS(STOCK_MOVEMENTS!$E:$E,STOCK_MOVEMENTS!$C:$C,$A8,STOCK_MOVEMENTS!$D:$D,"Return") -> 0 | G8: =C8+D8-E8+F8 -> 180 | H8: =PRODUCTS!E8 -> 50 | I8: =IF(G8<=H8,"REORDER","Sufficient") -> Sufficient | J8: =PRODUCTS!F8 -> 12 | K8: =G8*J8 -> 2160
A9: =PRODUCTS!A9 -> P008 | B9: =PRODUCTS!B9 -> Bottled Juice | C9: =PRODUCTS!D9 -> 100 | D9: =SUMIFS(STOCK_MOVEMENTS!$E:$E,STOCK_MOVEMENTS!$C:$C,$A9,STOCK_MOVEMENTS!$D:$D,"Receipt") -> 40 | E9: =SUMIFS(STOCK_MOVEMENTS!$E:$E,STOCK_MOVEMENTS!$C:$C,$A9,STOCK_MOVEMENTS!$D:$D,"Issue") -> 35 | F9: =SUMIFS(STOCK_MOVEMENTS!$E:$E,STOCK_MOVEMENTS!$C:$C,$A9,STOCK_MOVEMENTS!$D:$D,"Return") -> 0 | G9: =C9+D9-E9+F9 -> 105 | H9: =PRODUCTS!E9 -> 30 | I9: =IF(G9<=H9,"REORDER","Sufficient") -> Sufficient | J9: =PRODUCTS!F9 -> 8 | K9: =G9*J9 -> 840
A10: =PRODUCTS!A10

Sheet DASHBOARD
A1: INVENTORY CONTROL DASHBOARD
A3: Total Products | D3: Products to Reorder
A4: =COUNTA(STOCK_SUMMARY!A2:A9) -> 8 | D4: =COUNTIF(STOCK_SUMMARY!I2:I9,"REORDER") -> 0
A6: Total Units in Stock | D6: Total Stock Value (GHC)
A7: =SUM(STOCK_SUMMARY!G2:G9) -> 2280 | D7: =SUM(STOCK_SUMMARY!K2:K9) -> 28080
