Workbook

Sheet Sales_Data
A1: Order_ID | B1: Order_Date | C1: Product | D1: Category | E1: Quantity | F1: Unit Price GHC | G1: Location | H1: Revenue
A2: ORD-1001 | B2: 46027 | C2: Rice | D2: Groceries | E2: 12 | F2: 25 | G2: Accra | H2: =F2*E2 -> 300
A3: ORD-1002 | B3: 46029 | C3: Cooking Oil | D3: Groceries | E3: 8 | F3: 45 | G3: Kumasi | H3: =F3*E3 -> 360
A4: ORD-1003 | B4: 46032 | C4: Soap | D4: Household | E4: 20 | F4: 12 | G4: Accra | H4: =F4*E4 -> 240
A5: ORD-1004 | B5: 46036 | C5: Sugar | D5: Groceries | E5: 15 | F5: 18 | G5: Tema | H5: =F5*E5 -> 270
A6: ORD-1005 | B6: 46042 | C6: Detergent | D6: Household | E6: 10 | F6: 35 | G6: Kumasi | H6: =F6*E6 -> 350
A7: ORD-1006 | B7: 46055 | C7: Rice | D7: Groceries | E7: 18 | F7: 25 | G7: Tema | H7: =F7*E7 -> 450
A8: ORD-1007 | B8: 46059 | C8: Soap | D8: Household | E8: 25 | F8: 12 | G8: Accra | H8: =F8*E8 -> 300
A9: ORD-1008 | B9: 46064 | C9: Cooking Oil | D9: Groceries | E9: 12 | F9: 45 | G9: Kumasi | H9: =F9*E9 -> 540 | J9: =SUM(Sales_Data[Revenue]) -> 6030
A10: ORD-1009 | B10: 46071 | C10: Sugar | D10: Groceries | E10: 20 | F10: 18 | G10: Accra | H10: =F10*E10 -> 360
A11: ORD-1010 | B11: 46076 | C11: Detergent | D11: Household | E11: 14 | F11: 35 | G11: Tema | H11: =F11*E11 -> 490
A12: ORD-1011 | B12: 46084 | C12: Rice | D12: Groceries | E12: 22 | F12: 25 | G12: Kumasi | H12: =F12*E12 -> 550
A13: ORD-1012 | B13: 46089 | C13: Soap | D13: Household | E13: 30 | F13: 12 | G13: Tema | H13: =F13*E13 -> 360
A14: ORD-1013 | B14: 46093 | C14: Cooking Oil | D14: Groceries | E14: 10 | F14: 45 | G14: Accra | H14: =F14*E14 -> 450
A15: ORD-1014 | B15: 46100 | C15: Sugar | D15: Groceries | E15: 25 | F15: 18 | G15: Kumasi | H15: =F15*E15 -> 450
A16: ORD-1015 | B16: 46106 | C16: Detergent | D16: Household | E16: 16 | F16: 35 | G16: Accra | H16: =F16*E16 -> 560

Sheet Sales_Summary
A1: Sales Metric | B1: Value | D1: Product | E1: Total Revenue (GHC) | G1: Month | H1: Total Revenue | J1: Location | K1: Total Revenue (GHS)
A2: Total Revenue (GHS) | B2: =SUM(Sales_Data!H2:H16) -> 6030 | D2: Rice | E2: =SUMIF(Sales_Data!C:C,D2,Sales_Data!H:H) -> 1300 | G2: January | H2: =SUMIFS(Sales_Data!H:H,Sales_Data!B:B,">="&DATE(2026,1,1),Sales_Data!B:B,"<"&DATE(2026,2,1)) -> 1520 | J2: Accra | K2: =SUMIF(Sales_Data!G:G,J2,Sales_Data!H:H) -> 2210
A3: Total Units Sold | B3: =SUM(Sales_Data[Quantity]) -> 257 | D3: Cooking Oil | E3: =SUMIF(Sales_Data!C:C,D3,Sales_Data!H:H) -> 1350 | G3: February | H3: =SUMIFS(Sales_Data!H:H,Sales_Data!B:B,">="&DATE(2026,2,1),Sales_Data!B:B,"<"&DATE(2026,3,1)) -> 2140 | J3: Kumasi | K3: =SUMIF(Sales_Data!G:G,J3,Sales_Data!H:H) -> 2250
A4: Number of Transactions | B4: =COUNTA(Sales_Data[Order_ID]) -> 15 | D4: Soap | E4: =SUMIF(Sales_Data!C:C,D4,Sales_Data!H:H) -> 900 | G4: March | H4: =SUMIFS(Sales_Data!H:H,Sales_Data!B:B,">="&DATE(2026,3,1),Sales_Data!B:B,"<"&DATE(2026,4,1)) -> 2370 | J4: Tema | K4: =SUMIF(Sales_Data!G:G,J4,Sales_Data!H:H) -> 1570
A5: Average Order Revenue (GHS) | B5: =AVERAGE(Sales_Data!H2:H16) -> 402 | D5: Sugar | E5: =SUMIF(Sales_Data!C:C,D5,Sales_Data!H:H) -> 1080
D6: Detergent | E6: =SUMIF(Sales_Data!C:C,D6,Sales_Data!H:H) -> 1400
B17: =Sales_Data!H17
